snapped_at,price,market_cap,total_volume
2021-01-05,1.75089148322007,5193325.774885025,12582828.723461317
2021-01-06,1.75089148322007,5193325.774885025,12582828.723461317
2021-01-07,1.760410764195416,5667691.609360571,6423586.093912635
2021-01-08,1.4268089462876623,4586996.157827637,2079384.121384696
2021-01-09,1.4954029529966588,4803312.257938731,1086874.8490877978
2021-01-10,0.8449578022117108,2728719.816341152,1119290.0976459014
2021-01-11,0.995485091648004,3216775.302110387,566395.6703483281
2021-01-12,0.8931611137747189,2865817.823184506,159321.0071216152
2021-01-13,0.8301781766246654,2659361.2625465486,161473.64724186447
2021-01-14,1.0553663466719931,3367904.432519941,313532.6102690141
2021-01-15,1.0768876729111154,3418068.7848715847,596906.0317340387
2021-01-16,0.9534565988748788,3061676.4003600613,128644.3747470737
2021-01-17,0.883514836213585,2855813.41881406,172983.08504657654
2021-01-18,0.7758471836119105,6889235.632986919,145481.87613947096
2021-01-19,0.7911409302806837,6954148.213200837,307001.0958724403
2021-01-20,0.8712443792667584,7679713.0220706,206887.8621215557
2021-01-21,0.7817382190424823,6914900.994510031,171677.64718389115
2021-01-22,0.6130627574719494,5492554.314058194,142237.16586283132
2021-01-23,0.6333900167603377,5591096.061756206,134417.25562757792
2021-01-24,0.7741540728322476,6848073.871231097,895644.9456444817
2021-01-25,1.3753355706578116,12162866.209006058,3032187.2670182474
2021-01-26,1.0524495979604154,9344765.823503695,401782.5704384214
2021-01-27,1.8836674302456613,16672800.3023407,5832696.37363441
2021-01-28,1.546068364833213,13629666.736110166,339189.3536282685
2021-01-29,1.3830256108375576,12315638.104627768,1001428.6648648652
2021-01-30,1.42990335755256,12688985.860507652,524309.992507723
2021-01-31,1.385560149924273,12274278.534617355,480699.6823854356
2021-02-01,1.9587660024848592,17579716.31118049,2285058.902080756
2021-02-02,2.96882437664908,26355834.941170327,4963666.324185459
2021-02-03,2.852302110976038,25648561.90081328,4380157.478139101
2021-02-04,3.076674233511815,27257705.691575836,2466434.734418689
2021-02-05,2.633830339309859,24113035.00269735,2262744.874722585
2021-02-06,2.932002345853758,26127684.173541658,2918531.5246228785
2021-02-07,2.646937050305972,23558542.72840129,2110569.019159183
2021-02-08,2.515793923992089,22346925.648477014,1766515.3902838938
2021-02-09,2.6832270216162195,23713914.70721722,2060486.620499557
2021-02-10,2.5213273382504267,22316138.56934493,1589810.9117871493
2021-02-11,2.163041604544737,19454759.24405055,1059016.3968504455
2021-02-12,2.270908303263686,31277276.870073788,1368718.8382237745
2021-02-13,2.3401255360700444,32401022.57829829,2380373.578306456
2021-02-14,2.5336326563596177,34112061.05625659,1899792.0154048805
2021-02-15,2.4731551213767786,34390632.03513136,1503723.9390764115
2021-02-16,2.563918632092248,35684874.82995737,1843761.4895634768
2021-02-17,2.64991444507611,36809712.63309075,1863848.756944802
2021-02-18,2.187560514247354,30420169.28026765,2080025.835634324
2021-02-19,2.1370976589630013,29408699.10761249,1706223.8715463355
2021-02-20,1.7386447788555577,24133677.52531473,1765872.8269648247
2021-02-21,1.5641178695885547,21329626.056832828,1160381.1881330924
2021-02-22,1.5451953966049212,21487987.109922364,742794.221794314
2021-02-23,1.417783906123676,19677117.78658416,428918.6951822509
2021-02-24,1.0895850407066754,15103003.214490984,858535.240675524
2021-02-25,1.0544914263966274,14604686.401634237,492837.3562930683
2021-02-26,0.977668600784581,13690033.660992114,449038.2759549688
2021-02-27,0.939388947722218,13042412.286170175,507089.03697553417
2021-02-28,0.9245695224848478,12854253.403150711,331750.9962634783
2021-03-01,0.8341636638962856,11617309.18251495,554428.5439309564
2021-03-02,0.8494478711485967,11811847.715804234,796485.9809476839
2021-03-03,0.8796447432398027,12242565.719102226,1246867.5723436452
2021-03-04,0.8367820349110522,11853675.114342498,1119721.1744203125
2021-03-05,0.6879900075019546,9733794.81385422,910100.4519160832
2021-03-06,0.7836116588621941,11017868.610404452,994515.3390882268
2021-03-07,0.8010605383991203,11386037.09193274,425288.0034015285
2021-03-08,0.7194632041490765,10165413.669137046,651561.3791625061
2021-03-09,0.771764291342852,10995633.053791652,451253.5386209302
2021-03-10,0.7790436640711712,11081128.049763989,316089.02980054053
2021-03-11,0.6893719638714401,9828673.839455511,362664.5334475341
2021-03-12,0.6680897050825549,12878093.067837302,170799.17196070155
2021-03-13,0.6230841256054431,12002900.299214734,270303.72398296726
2021-03-14,0.6393839791271736,12316440.050956829,131918.96403970767
2021-03-15,0.6100051772059166,11750630.006793303,186674.7332272353
2021-03-16,0.5986122594124238,11531046.512322271,286067.6683669786
2021-03-17,0.6553483567301213,12605473.69241034,277005.2695410605
2021-03-18,0.6539247924069478,12644920.07594477,350114.27726940264
2021-03-19,0.6101526562428463,11752894.972724175,231181.3048832797
2021-03-20,0.6006910210855011,11459666.01173656,259884.51483264475
2021-03-21,0.624979618235202,12039055.748894012,231046.6916254901
2021-03-22,0.5726646732496947,10826825.17033116,239130.7248177753
2021-03-23,0.5406734064388318,10435175.353167811,315340.7766266471
2021-03-24,0.5771230990435655,11392582.720645782,497388.6504252818
2021-03-25,0.5649009967479055,11194695.043365812,365656.93228202907
2021-03-26,0.5537476933254287,10928169.499812491,292081.35602459696
2021-03-27,0.5473097627592577,10779604.361016754,373556.0413844192
2021-03-28,0.6620767637993931,13077524.39586327,1069382.1890875257
2021-03-29,0.6440150535657706,12793547.828376712,271804.3057708069
2021-03-30,0.6553918618050747,12946647.615119625,174405.32187125
2021-03-31,0.9617128372436596,18980215.187324844,1654913.567914721
2021-04-01,1.1412699008353815,22549386.09622692,1513954.5648763347
2021-04-02,1.1953605419903226,23610399.34159212,589448.3287164279
2021-04-03,1.2906342983457275,25487383.318624374,950114.5338632064
2021-04-04,1.497931155697167,29680350.50346709,4122603.639572023
2021-04-05,1.5467853186007,30570592.63250872,1388001.7923164226
2021-04-06,1.2933687226419657,25604551.23220559,1003143.3263407012
2021-04-07,1.1804343395480317,23283083.556758087,1911976.2131685065
2021-04-08,1.173681505743357,23472893.615566816,1216442.6940388954
2021-04-09,1.2332429636017757,24596974.35745356,864821.0273492603
2021-04-10,1.2349727930434746,24689734.934545327,573678.4718665943
2021-04-11,1.4281579355633949,35473827.94734177,997638.2512445304
2021-04-12,1.303084381317741,32308824.94347607,1045327.11372615
2021-04-13,1.1172208580459635,27725107.27894096,799399.6875860905
2021-04-14,1.2053543556812778,29837988.889005084,640001.5649560231
2021-04-15,0.9962494659441034,24750694.822821323,1213112.3506488595
2021-04-16,1.0155906618604595,25261749.114035062,1507515.4455346786
2021-04-17,1.1412719249888026,28327831.97535352,985222.2419590972
2021-04-18,1.1288090450495118,27988433.26149816,466381.9134280031
2021-04-19,0.9520686144730294,23602794.55799921,612463.1744673633
2021-04-20,0.9259253551635688,22951457.10581065,385647.816924899
2021-04-21,0.9915501389089464,24637049.840248905,331001.5411281985
2021-04-22,0.9459768633250478,23472881.58125051,274250.6654112869
2021-04-23,0.918155015782426,22707342.07421061,366339.8093041119
2021-04-24,0.8728713467459618,21633086.86676058,582621.1948166814
2021-04-25,0.8973737803290401,22293375.253592797,992940.1754997222
2021-04-26,0.9708040499192698,24045857.30885936,902692.0198308212
2021-04-27,0.9789126776090058,24257595.43280608,753549.1453083555
2021-04-28,1.3835026518674691,34295246.26226976,6914657.8558477815
2021-04-29,1.8642872116477196,46200392.2534224,7067380.677740225
2021-04-30,1.918687116107917,47736197.8205491,2553280.053656667
2021-05-01,2.852198284746612,70555213.30927257,10500810.13047118
2021-05-02,2.684323984000785,66594579.96330167,3020324.485526272
2021-05-03,2.313450444469028,285560320.23894,3224195.0943225096
2021-05-04,2.469826504480235,556626742.5459601,4589483.444088087
2021-05-05,2.13239845822752,478402720.7722847,3310287.2258572103
2021-05-06,3.0205258007439943,671228537.2166988,5413046.361620085
2021-05-07,3.521956546143,381809234.2294298,6047858.925535201
2021-05-08,3.759481533108646,430244675.2037648,10751481.177433
2021-05-09,5.173481716097448,595016976.85067,21650733.154506527
2021-05-10,4.845122710075686,553858996.8458414,4103455.712309658
2021-05-11,4.652402876405184,543578162.8620962,6152171.015233856
2021-05-12,4.676347046733562,545372678.7166026,2777605.239259716
2021-05-13,3.9961759871923297,489553783.3530228,4956622.547772339
2021-05-14,4.017969769317645,460308267.7065222,5612954.10893256
2021-05-15,4.186023886114045,490062365.0809148,2492834.294386974
2021-05-16,3.810754778387999,445387310.9636903,1863064.378178868
2021-05-17,3.4889405471610595,406685520.22544414,2167028.1569126835
2021-05-18,3.059164940234143,87000084.66951098,4149149.328310705
2021-05-19,4.082189844551007,114676878.66236724,5721822.707444977
2021-05-20,2.396499630767177,70270019.32875088,16962134.157626517
2021-05-21,3.1197209952307667,88671457.6118614,5691878.816914023
2021-05-22,2.2056824461398192,62443517.32983959,5235839.268539647
2021-05-23,1.918579298641888,54958952.86077851,2151919.7723095505
2021-05-24,1.7100376657527678,48596575.85821763,4178928.3647508505
2021-05-25,2.387045779954746,67180287.99585164,5284532.729950085
2021-05-26,2.6750812557216554,76762422.05377015,3747979.938910478
2021-05-27,2.604092775374822,74055363.14108326,1759812.6677746302
2021-05-28,2.284633450399625,64701524.99559687,2186667.930491264
2021-05-29,1.8108769153200468,51453827.54149884,3272458.3531787125
2021-05-30,1.7164114041813503,48908815.40616466,641872.4262685953
2021-05-31,1.9299535436919235,54761989.29565248,683193.1456455728
2021-06-01,2.328465331174578,65456496.37800453,1215910.8975212786
2021-06-02,2.166813743111878,61696592.92297897,470914.4782689512
2021-06-03,2.34316674716418,66261075.71215782,1635011.343810181
2021-06-04,2.391353300370798,69151928.26205921,2845987.8639152586
2021-06-05,2.241546616875055,63841802.391749,1993698.7461538564
2021-06-06,2.166149693687529,61318778.74396643,358603.0453785837
2021-06-07,2.142158928629863,60753930.39377939,1179563.0087566094
2021-06-08,2.459685028602977,70177063.7758628,2796028.7901914897
2021-06-09,2.640022751267529,75096555.58508708,3916953.31369388
2021-06-10,2.8553421856628467,81173972.78529727,1833933.6163494915
2021-06-11,2.791890649801147,79444738.11357601,2593922.9827592247
2021-06-12,2.299448121488432,64948725.08506549,1836161.3036729333
2021-06-13,2.266533592757135,64737776.72644143,930753.9396813518
2021-06-14,2.364171666904214,67171272.12057133,544822.5635286188
2021-06-15,2.534983010878575,71966980.92744753,736530.9979680452
2021-06-16,2.321004800257512,65978424.13278512,2260287.655304349
2021-06-17,2.0100495938478264,57048604.25631024,2118568.592433386
2021-06-18,2.1018982732981493,59760360.02487483,805290.6815954432
2021-06-19,1.9292115557754368,54765378.46045135,917004.7862231714
2021-06-20,1.970615244294453,55953351.7986894,782472.9260014459
2021-06-21,1.9703151261147407,56023329.36976518,1038900.0363866972
2021-06-22,1.4339007038163427,41187728.97638536,1130651.0709370263
2021-06-23,1.445670944781306,40985016.83511186,1725093.9443982835
2021-06-24,1.6479877087173578,46824107.71488924,2845429.742045659
2021-06-25,1.725138572835144,49102865.96374668,731571.5283348905
2021-06-26,1.4815046896803703,42092778.64696388,980188.2418064132
2021-06-27,1.4473015836742218,41067041.887407966,398564.174817158
2021-06-28,1.608715471045936,45693089.41350992,1536061.4766258115
2021-06-29,1.6884744817482358,47945368.48517811,268608.9864663548
2021-06-30,1.7303059034124604,49211842.010780536,631405.8220656846
2021-07-01,1.6785955929707206,47729297.1199651,2280892.121883689
2021-07-02,1.573884340021492,44716068.60062056,341097.2662599896
2021-07-03,1.5437701246444944,43750499.29740504,1884480.8160005575
2021-07-04,1.6182393050196744,45556464.50695169,351230.7837137513
2021-07-05,1.7188366992295292,48861584.81051932,630875.4835379288
2021-07-06,1.5927985323979934,45354972.9762957,194184.00758268303
2021-07-07,1.9813664295617108,56275576.277301244,2504049.166900066
2021-07-08,2.1182816774559425,60306742.92634408,2787812.684848328
2021-07-09,1.9669626864954108,55693871.95009451,1951619.4153064447
2021-07-10,1.9952160051063568,56602637.509975165,1131852.7324028334
2021-07-11,1.95740088828879,55661531.48319715,559935.2750358221
2021-07-12,1.9197571589770084,54544486.90687405,421512.0659430361
2021-07-13,1.7658279195235491,50261241.12412633,593763.3441892856
2021-07-14,1.6233585086283588,46158943.39494981,838171.5698143177
2021-07-15,1.582269167068041,45041379.309102856,1006549.188412347
2021-07-16,1.5916910954335362,45249690.49028566,808792.4140924639
2021-07-17,1.5043429194111857,42751688.15842003,537118.3310267794
2021-07-18,1.4673931107512477,41691837.919364266,792702.4937092888
2021-07-19,1.4920792399885827,42262028.97887683,265941.6954635275
2021-07-20,1.3889038925085395,39002618.9384532,832133.6348817692
2021-07-21,1.4298153094696195,39976877.84156703,1204711.3967561624
2021-07-22,1.8319072487868555,51693354.27319503,2441110.5589648224
2021-07-23,1.8612626592835224,52753433.38649567,1052232.4156617736
2021-07-24,1.8957082207108693,53842078.93122277,3045948.47227796
2021-07-25,1.8441837150537197,52338378.9453534,583346.5111154602
2021-07-26,1.8615267555475967,52890034.174357615,273967.5647213985
2021-07-27,1.884128664490676,53934757.85476345,598222.8154055898
2021-07-28,1.9003605553931684,53980980.03029116,429877.71759971615
2021-07-29,1.9473709411736275,54664616.484691806,458722.3407526607
2021-07-30,2.157783578370329,61242762.09712182,1060986.7339610057
2021-07-31,2.6098825525617544,74040418.90246375,5658166.401781754
2021-08-01,3.5193256311522783,100023435.01411235,8314772.798082945
2021-08-02,3.8493340552505937,109539410.92130856,11972729.535314083
2021-08-03,3.720985349644933,106016370.10215878,4368748.118831571
2021-08-04,3.5700978132844665,101452041.89431325,6828309.751850784
2021-08-05,4.476775226556788,127226777.4445898,10377911.70370962
2021-08-06,5.111511243898751,144847330.7124713,11909464.656487737
2021-08-07,4.953296699201268,140733959.86157733,14086806.8617168
2021-08-08,5.101645589001961,144729144.814773,13635776.101798143
2021-08-09,4.489237613671647,128009914.2966586,8049266.924680253
2021-08-10,5.125652408113184,142737057.9132894,8985351.91978973
2021-08-11,4.9068060634150585,139386915.92244974,5597439.201413696
2021-08-12,4.797741013959033,136441040.61629122,6042704.655038876
2021-08-13,4.40522435065394,123665947.76314089,2491831.505582364
2021-08-14,4.934616509127781,139891014.15968645,3982275.066959494
2021-08-15,4.978605889277548,140910462.61476997,1542324.867635837
2021-08-16,4.871214366655455,138404665.4952027,3549359.626865299
2021-08-17,4.277825052025033,122911172.84426922,11286194.507512936
2021-08-18,3.735565231038852,106598743.73392583,3988192.66536463
2021-08-19,5.221775950136677,148428592.68651628,18263305.98352735
2021-08-20,5.896918019851702,162443355.76926723,15218168.89529963
2021-08-21,6.33218296830015,179718570.23272276,14712600.232608706
2021-08-22,6.361181766698421,176951618.3931742,6739960.0491536185
2021-08-23,5.615240140702378,231766575.82499912,6314509.2386107575
2021-08-24,6.047214545899662,249500381.717646,7769025.064555904
2021-08-25,5.468770496977084,226852910.23133835,7848208.502593646
2021-08-26,6.0151309497787375,248077423.23121727,10519876.25635462
2021-08-27,5.584268594120821,230404263.8505309,4902203.756974116
2021-08-28,6.2342050156049575,258087251.09829304,6843185.420589701
2021-08-29,5.931193562349994,245871799.6276877,4332484.345046455
2021-08-30,5.893531829427236,244300989.04049367,1947541.6134307573
2021-08-31,5.005051471421716,209400238.554366,5790677.759483496
2021-09-01,5.172672359670293,214125504.93325612,6929897.777652864
2021-09-02,5.514525980795245,228111415.84892157,7224918.155823756
2021-09-03,5.268397105922862,218759241.47597197,4764892.3824366415
2021-09-04,5.338350136025299,238504288.32192567,6274745.752362062
2021-09-05,4.8498348895730015,217941973.8447635,3235470.14841651
2021-09-06,4.784093050830027,214706049.48563716,2383793.183633468
2021-09-07,4.572830469382344,205620597.9377197,17416469.140919235
2021-09-08,4.2352405344909405,190012821.22211224,8840244.155572534
2021-09-09,5.026417131134563,224705751.00028637,10892350.847313724
2021-09-10,5.531679377881143,248750375.9685768,11507383.161816685
2021-09-11,5.552804687146968,272175872.91956216,17235662.008643895
2021-09-12,5.91033718435556,289772334.84608847,3669818.5376045736
2021-09-13,5.600277978921574,275509562.8779246,6165262.3194322055
2021-09-14,5.39500596120252,264344061.3557693,3479598.987798037
2021-09-15,5.749625457628501,280256524.8753794,10621816.957580777
2021-09-16,5.173743478178433,253553163.44772083,16762078.137669677
2021-09-17,5.814135888380173,284737094.0140082,10045333.42272179
2021-09-18,5.474750602179037,279303346.48283285,8030881.719535674
2021-09-19,5.7371938090418855,288149946.0594374,4446734.266853207
2021-09-20,5.694576609248396,287666747.91490245,3573416.131921764
2021-09-21,4.918757016762327,246747736.3860296,5667292.317704762
2021-09-22,4.547625441998558,229726561.24039787,8417727.721205503
2021-09-23,5.377480325667453,271741327.9518796,4005813.6631588335
2021-09-24,5.134101340924159,259365909.9323837,3268877.2678205897
2021-09-25,4.904213436399834,250682021.6169697,5851391.180077619
2021-09-26,4.856111701668168,245638942.810257,3002019.341974673
2021-09-27,5.269423966604959,262503295.5888236,4773860.645896621
2021-09-28,4.590711793439315,236287203.72391468,5934206.677151608
2021-09-29,4.676154496701576,239090886.25370872,3928326.442370254
2021-09-30,4.62542256673041,235202532.21414,2465010.291099948
2021-10-01,4.931103852014249,251503780.5109228,3367652.7997054965
2021-10-02,5.305358148738292,270497025.3117751,2857210.5383164957
2021-10-03,5.135331220822652,261633236.6192468,1487256.7419740283
2021-10-04,4.787685339577824,243444692.65264383,2060288.3733169811
2021-10-05,4.221314191072271,215763593.7020192,5194576.504800336
2021-10-06,4.323176909574554,221214725.4837213,1252226.275608759
2021-10-07,4.218580857493668,215377553.828933,8398030.81387386
2021-10-08,4.213990127163987,215226849.87829617,4696240.972817348
2021-10-09,3.9927969591532544,221046153.012715,4877425.908602127
2021-10-10,3.940317131965456,218074103.84315675,2852052.6902457583
2021-10-11,3.8463535541300433,212986716.4827141,4714063.172924991
2021-10-12,3.805050730976237,209056343.5047106,2984095.837156762
2021-10-13,3.5360803740836166,195952050.70877576,4283682.619666801
2021-10-14,3.725558123888516,206304769.0008376,1974708.4707239284
2021-10-15,4.139435413727106,229162451.90435436,7298490.087223986
2021-10-16,4.033363612595385,225098221.54562265,1292035.3975633956
2021-10-17,3.737817276106773,208838214.4204881,2091816.0296732795
2021-10-18,3.558272922620746,201926594.01250452,7237186.862207893
2021-10-19,3.295389861196961,191679596.83722824,1857563.2957898567
2021-10-20,3.413603586002973,190675488.18418792,8577586.939844524
2021-10-21,3.806661373927077,212541124.13273996,4407640.048293275
2021-10-22,3.474657668087633,200422457.1917936,2593219.0980046326
2021-10-23,3.5319990881248717,198078321.9233237,5368575.392430951
2021-10-24,3.6343754539633264,204061226.63620108,765577.5712073017
2021-10-25,3.4787295330408896,195735454.9582415,5535728.509624529
2021-10-26,3.2793819734291154,183899087.51095203,8334387.523842282
2021-10-27,3.534268816535632,199022054.93713903,7810780.487193953
2021-10-28,3.2130270075628005,180232522.9002566,2793189.667859657
2021-10-29,3.490901001591678,195243332.3437085,2994848.356362409
2021-10-30,3.5549231698768278,199230418.77587008,2744971.110742181
2021-10-31,3.431231401075986,192890534.75580493,2251649.607301418
2021-11-01,3.261472109457694,183595766.1522421,2861202.516596128
2021-11-02,3.169791430274997,178161627.06873512,5971659.622433336
2021-11-03,2.9831518886482646,166143984.0136083,3241723.1118300245
2021-11-04,2.844384163477094,159985732.84440997,4197053.335998584
2021-11-05,2.725570664105068,156479665.5671935,10689317.007878618
2021-11-06,3.237638336648532,195752847.52859956,13586234.899656756
2021-11-07,3.979292056311457,240328297.85304663,5665608.054745031
2021-11-08,4.125236773129519,248714265.1017317,8887464.261927824
2021-11-09,4.154373972007704,252700390.15787876,15925955.387571895
2021-11-10,4.100424291217625,241664647.06553984,23884992.700632717
2021-11-11,4.2528237129621065,257150584.3103848,23483288.035475083
2021-11-12,4.2293023918025225,255958889.2730949,40684980.35670169
2021-11-13,4.426369144726687,268453029.5479535,10228730.32738093
2021-11-14,5.466494162504728,333663629.2210402,10316718.53834772
2021-11-15,5.267659323766959,323147315.84149283,36909470.29901848
2021-11-16,4.269900471636475,259732904.3041488,15170103.73267037
2021-11-17,3.8759113647312646,235584083.31714845,8689112.346042352
2021-11-18,3.799160903271895,230617195.62563735,4670129.431854484
2021-11-19,3.846737209907569,233703867.11599785,4079786.158278353
2021-11-20,4.955420960867706,300578137.4470534,13284399.439852089
2021-11-21,4.834512226436511,294438513.5957923,4138213.857993533
2021-11-22,4.323630164940798,262808060.72542608,1641648.6124876589
2021-11-23,3.810610430752348,232103978.87875152,8755856.368260661
2021-11-24,3.6712094231046746,223542078.149433,10478968.610843595
2021-11-25,3.61185598237737,219927869.3386408,1747820.6148541644
2021-11-26,3.862050421604264,235001522.3812556,5814006.738330252
2021-11-27,3.672423584001269,223187346.97687864,5824957.566802356
2021-11-28,3.448157800864984,210266838.95835376,1302896.9835385762
2021-11-29,3.910851383027453,239052188.9416168,11177504.849716028
2021-11-30,4.229296841904126,267589790.3108775,6241648.904230085
2021-12-01,4.291391279595021,262124367.7155677,17299477.841963664
2021-12-02,3.88890409040485,237178464.59921572,4276314.3095395
2021-12-03,3.506907341035028,214034996.75161564,1978277.2599962133
2021-12-04,3.290767064217658,200651685.64619875,5336443.7008781135
2021-12-05,3.084154336343815,188271600.973108,6559000.341931489
2021-12-06,4.064821539517019,247800506.8466455,11547469.595665911
2021-12-07,3.7445626937455354,228308517.52449527,10234409.437134275
2021-12-08,3.570911147535485,217879192.29517883,2894936.6299491264
2021-12-09,3.721993441566145,227155265.009358,4573994.780879063
2021-12-10,3.199565434868958,195726027.24497423,10299632.232987536
2021-12-11,3.2141056199659728,206740608.36464703,11529361.482179426
2021-12-12,2.986176559053566,194319261.74180144,4335777.4009024585
2021-12-13,3.0666639041142303,199142706.8322939,1251707.407756264
2021-12-14,2.4874266651581896,161672262.50970894,4773862.498230853
2021-12-15,2.9266841197620908,190464270.72260427,5896217.512456839
2021-12-16,2.994744641470248,195948839.2577705,10542931.48188173
2021-12-17,3.475395604911657,226200699.76543376,6429644.894066525
2021-12-18,3.190817123592333,208095670.19074228,5235723.338636668
2021-12-19,3.0354522090636333,198020853.3944623,2936353.192430844
2021-12-20,2.859705849063856,186596938.92058256,4646542.026796364
2021-12-21,2.858579546663054,186936939.42674944,5583914.722219941
2021-12-22,2.999830323436832,195338594.3366016,3323747.5309015447
2021-12-23,3.0938038642006456,201900905.6517689,8834335.003771413
2021-12-24,3.0384131395232843,198346408.1769292,2382883.976227588
2021-12-25,2.856605404589607,187150283.9142946,1717310.2393567923
2021-12-26,2.8764228364391298,188155457.36712092,1054311.4314658754
2021-12-27,2.683732809121277,176647854.40507936,2367725.7139112027
2021-12-28,2.8947594394741576,190138600.18715373,3120039.0766160465
2021-12-29,2.987565077819525,195863384.92197075,6455517.1708039045
2021-12-30,2.6666108872879497,174347674.5850716,4593146.231574952
2021-12-31,2.986775380412312,195691281.99467117,3524591.0534714963
2022-01-01,3.104049045469244,205905453.9766401,4076863.096785879
2022-01-02,3.72503521425234,247262309.42621663,5238338.847642209
2022-01-03,3.6732304477884536,244601586.4932555,5632268.18369986
2022-01-04,3.3145051349179973,220589011.863173,6145216.685438997
2022-01-05,3.3088055787718047,221113678.29782492,2588322.009198668
2022-01-06,3.20226805065214,213405602.6320574,6080200.074669273
2022-01-07,2.945044374848138,196277234.9651253,13128785.506212404
2022-01-08,2.644883474115713,185954141.9494693,8862759.691223316
2022-01-09,2.6796987742546623,189259746.12460607,4530941.458127187
2022-01-10,2.9280907142263137,209272831.7045668,6998154.248844519
2022-01-11,2.7076012629716364,192229453.89645463,7270472.545472329
2022-01-12,2.9733054440298643,211259722.5883321,2049827.4635590056
2022-01-13,2.887946127228373,206961649.27464935,3652025.607046201
2022-01-14,2.6707114348530694,191593866.8326616,2909510.4010227853
2022-01-15,2.558287650600953,182990608.3835733,4114450.102698457
2022-01-16,2.520292249037129,180155963.5026957,3217974.793845457
2022-01-17,2.481244874341739,178464740.31299445,2513231.275494445
2022-01-18,2.1673661265068924,156819787.31647527,3671150.57048563
2022-01-19,2.349388346170828,170984876.9806647,3617125.9716281206
2022-01-20,2.2182979775782705,161646526.25972006,5956920.308395227
2022-01-21,2.171105850548252,166067039.13286084,5924517.928759083
2022-01-22,1.8948012811876431,144776454.54414237,2295691.6870818785
2022-01-23,1.7299495258214326,128250653.7713259,3130733.6625088803
2022-01-24,1.5267593825476518,128806429.60230342,2141837.15170639
2022-01-25,1.6364638363473858,125938951.41594264,5537372.410798216
2022-01-26,1.730305014962219,135066499.32122263,5018954.923702671
2022-01-27,1.678702739801184,130258846.24861924,3443151.677884708
2022-01-28,1.7952354991362032,128494901.41911796,5271788.068313086
2022-01-29,1.7235252407089456,136104803.9753623,5604823.76935137
2022-01-30,1.7588854658839237,134329827.92857423,1176287.3742295166
2022-01-31,1.8336553523887145,145981089.8233863,3546271.4533726973
2022-02-01,2.0220075434016613,163392678.87528825,2794975.015446985
2022-02-02,2.0556437630366924,166595872.2843625,3851543.211877125
2022-02-03,2.129800570611778,195212312.9679909,2581130.6842010776
2022-02-04,1.9677008403188585,179926900.63882414,2388368.820246236
2022-02-05,2.019752007848941,186786716.3223314,4707048.745985343
2022-02-06,2.043634434745108,188641693.34894955,2605934.8933289167
2022-02-07,2.114012666097649,191469809.40225732,1640136.0021867324
2022-02-08,2.1866246072687825,208044695.6298361,1502691.7202536028
2022-02-09,2.116045119820927,202287670.4737819,3068704.4317216263
2022-02-10,1.997604356730984,192371710.36084884,2599295.9281066847
2022-02-11,1.721077480000997,166319798.4803992,1806322.4346264915
2022-02-12,1.6162725755426424,155316392.68776697,1388279.58409233
2022-02-13,1.6418890267681392,158114935.1941059,1270247.1889363634
2022-02-14,1.4979246614204635,145028911.7997822,2008655.1839943484
2022-02-15,1.5346367211786804,150171371.46811813,1368971.587483837
2022-02-16,1.7667435536381335,173090371.7409544,3977845.068689005
2022-02-17,1.839978587489934,181972966.0591482,2188674.0107969902
2022-02-18,1.636129960570035,161771586.7945572,1524655.8722986197
2022-02-19,1.536313731834778,153045182.12855262,1299033.0531848443
2022-02-20,1.497394671140474,148960227.79222903,2227000.122032116
2022-02-21,1.3296709111448382,132996193.1767554,1303641.833271674
2022-02-22,1.359939041520487,137003884.02081233,4438662.193471833
2022-02-23,1.6982701795459685,171998159.4513702,7064745.66873884
2022-02-24,1.5271923747328688,155024640.85144982,2323222.2199566425
2022-02-25,1.4753150712122287,149747272.47070616,5812401.438698088
2022-02-26,1.65413627675055,167272186.2982126,3248725.1262240373
2022-02-27,1.640784631749746,166183149.9047325,2554866.7917347047
2022-02-28,1.6510159781982054,167251659.7289177,2028557.076260704
2022-03-01,1.9194941918567328,194542916.12343016,5483321.388598682
2022-03-02,2.0801024180152354,215443918.36749288,7955929.040215366
2022-03-03,2.068240178271201,214531449.32124755,2438403.976579237
2022-03-04,2.150560367383407,223214779.2753804,9918914.330779534
2022-03-05,2.233232732280956,232852777.84923255,5349394.551069336
2022-03-06,2.2799764607136206,238230444.7946779,1234617.0718695384
2022-03-07,2.06139867522332,215816483.4167201,2201057.316106501
2022-03-08,2.001006287687636,211653409.97406065,2597590.182276899
2022-03-09,1.964709389331703,208244599.833908,3057393.113011437
2022-03-10,2.359718433365347,257951960.2783485,3515032.9572867714
2022-03-11,2.273074177885964,248714991.66539788,2711587.0328820376
2022-03-12,2.2356647956606914,243343442.3510016,3185378.580735906
2022-03-13,2.401532585749528,263039737.5174829,1756559.0441242664
2022-03-14,2.436575790789298,266908040.80975744,8371496.482449496
2022-03-15,2.298346375533364,252289291.7525581,3173300.2887255945
2022-03-16,2.671284114937845,294736088.2172896,2863015.9162871856
2022-03-17,3.0954966726675552,345085817.8594242,5209181.444125439
2022-03-18,2.8274824960813114,314086201.51720417,6106525.150342313
2022-03-19,3.161660970269329,354947578.65397346,14911820.873520134
2022-03-20,3.5866981730130987,399774282.9524666,8272429.445623338
2022-03-21,2.9954780364230524,340799370.2831024,4945307.702845481
2022-03-22,3.424906060903074,390257706.7295658,15017060.944668151
2022-03-23,3.60303577551538,412744050.5369104,18623912.222381443
2022-03-24,3.4532748249086067,572304189.1280366,7615616.576484031
2022-03-25,3.60199589811579,596215604.3468232,4925277.144330518
2022-03-26,3.43326996106905,571563550.8645542,6795629.280648693
2022-03-27,3.228470747460867,536877402.1456467,4352905.617694718
2022-03-28,3.573312984746917,592090296.8564624,4282922.23661355
2022-03-29,3.781169546172048,627871772.995029,7070030.774843973
2022-03-30,3.85893224224277,1128109710.48867,12771256.784522736
2022-03-31,3.802930017550285,1111900361.1215177,4921264.403003528
2022-04-01,3.66286819382336,1070540455.1605169,9346384.048053632
2022-04-02,4.215862316677833,1231256585.9835482,11229789.523293784
2022-04-03,4.3692808590073176,1279023986.7183435,14229477.865817407
2022-04-04,4.790342341232238,1402663986.3666136,8972211.340215234
2022-04-05,4.92988999476957,1441417349.525819,16649553.546851257
2022-04-06,4.331027972779806,1315479230.225587,14415065.415712778
2022-04-07,3.618481333644246,1101500691.0373318,12482625.393602757
2022-04-08,3.674403690158581,1118160305.8361328,9967049.724477096
2022-04-09,3.2993909157175807,1004103726.3963348,5060132.05534776
2022-04-10,3.421210020468012,1040023711.9696726,2843006.558452646
2022-04-11,3.435559248391988,1044604843.7020612,3123543.3893413497
2022-04-12,2.9862854303801867,858887674.6600362,5731734.415565575
2022-04-13,2.954232104562769,851715720.322962,5074857.106079511
2022-04-14,3.37757952740566,980758576.2022156,9566945.850704512
2022-04-15,2.8947932442862108,844218860.9980326,5313084.343653781
2022-04-16,3.023012490701668,888449241.6751243,4235671.275730156
2022-04-17,3.0236803933643324,895891422.6610552,2963308.76870134
2022-04-18,2.783408250751701,830708652.2744533,3048720.890326163
2022-04-19,2.923829614571536,877374642.9200282,4274605.384064103
2022-04-20,2.94179411290204,887542451.854472,4464175.539415177
2022-04-21,2.8696412021684057,872032445.705803,3811245.986287157
2022-04-22,2.733675879724866,829879793.8004969,4038690.184434189
2022-04-23,2.7512814752813246,844681350.2926087,4604076.653154578
2022-04-24,2.7921015119099266,862173725.0994292,3085867.3679116345
2022-04-25,3.0476235222483865,948434310.4006166,8015541.966570192
2022-04-26,3.284644250039932,1027483562.0405352,6683635.661300116
2022-04-27,2.958988727172712,932651309.7474816,5673151.533269954
2022-04-28,3.217070417009859,1016916939.2669748,4469119.925994689
2022-04-29,3.597343160338476,1144322448.1681862,7974755.005483009
2022-04-30,3.1425636962598653,1005515797.6348315,4805747.045803073
2022-05-01,2.8966201325064325,930745257.1220672,5197627.767596598
2022-05-02,2.88406155850644,932647224.5121604,6006094.697168268
2022-05-03,2.7930453543647977,908843816.0043488,4100905.675593232
2022-05-04,2.7516199365918297,901307754.0049176,4340814.538780193
2022-05-05,3.092290505421432,1017410481.544406,6401168.608900009
2022-05-06,2.802636190227766,928524433.812011,6053938.187276771
2022-05-07,2.77717137506144,926159094.5832894,5457296.750688484
2022-05-08,2.719063482306767,914441763.492548,7364188.076104864
2022-05-09,2.806048877311632,947842742.4731712,13107114.678089997
2022-05-10,1.9953596385967651,685615878.8489966,90593762.1241529
2022-05-11,1.93686265881446,660044301.2217238,37981066.07322226
2022-05-12,1.5300746545585984,532564966.23320806,31118232.50347024
2022-05-13,1.4178066780037226,494528614.7120153,15426647.860378891
2022-05-14,1.4753657118180927,518126888.008764,13869686.51207481
2022-05-15,1.4878535343272878,515213989.24866974,7523684.383268998
2022-05-16,1.4740958341147627,524778973.6605383,7784064.418935592
2022-05-17,1.43366854352801,512633208.5036869,5782582.925324249
2022-05-18,1.5253009625601608,548424210.5307258,8550974.58352684
2022-05-19,1.3701362685646814,496495233.0310329,6065171.808468847
2022-05-20,1.420394016668869,517421021.0865024,7034078.00294641
2022-05-21,1.31912292459619,486782579.7090719,4849751.012063492
2022-05-22,1.3397057388132445,496858563.2559945,4194132.343181937
2022-05-23,1.3236042398559351,496175840.3059605,5792503.317964869
2022-05-24,1.175318905223974,442133714.36918783,4913891.270372087
2022-05-25,1.1010744973044015,414255573.4160255,5903696.953610297
2022-05-26,1.089464793442365,412752030.05527633,5056843.724050716
2022-05-27,1.0077571688996656,384890475.162566,20626517.15504637
2022-05-28,1.0729704341544577,410995710.3932823,25744533.590511207
2022-05-29,1.032355788660973,396923765.8013472,7648900.225678291
2022-05-30,1.1703717441424335,451582147.5362199,14296151.388356648
2022-05-31,1.2201480306367722,474914582.5463969,5144559.084070597
2022-06-01,1.0542640332411828,412936947.7018055,6887532.060652405
2022-06-02,1.0313039995189823,406639399.7679979,5687076.758627437
2022-06-03,1.0256323568152814,406572576.5675197,6366529.079190095
2022-06-04,1.005491131314735,399654253.3062088,4982763.646268842
2022-06-05,1.0213715537924457,407784610.2436335,4537583.079877939
2022-06-06,1.0345528047239465,416377495.9938587,3222626.040023404
2022-06-07,1.064435568725783,431263745.893909,4909508.883231379
2022-06-08,1.0629142066703858,433093261.2269512,4889787.043887846
2022-06-09,1.0074028325436215,414712844.38581073,4044600.8728352585
2022-06-10,1.0250624282951843,423405391.2540623,3786253.7698929366
2022-06-11,1.001104720545582,415755003.5090457,4804030.87300897
2022-06-12,0.8469266142492378,353348939.85007024,5058874.072317796
2022-06-13,0.8003513048338424,337436663.25453013,5286359.147572252
2022-06-14,0.5948301042182892,250711875.9613688,14349389.807531944
2022-06-15,0.6248370158252522,264577855.04624867,6521323.077886004
2022-06-16,0.6181690797449355,263503187.58211544,7300889.469493216
2022-06-17,0.5344807171615505,228780493.27940613,21123330.762871426
2022-06-18,0.5804100860318798,250202701.2273521,9116191.173686909
2022-06-19,0.462443483131829,199873556.0195852,15542387.662981289
2022-06-20,0.5178220343562258,224394135.13682425,15066981.450502122
2022-06-21,0.518894384500377,222976958.6137978,6347022.982461284
2022-06-22,0.5427681894538853,238223856.33752364,47184880.69314954
2022-06-23,0.5120651923769052,226297940.57263985,14177051.30098796
2022-06-24,0.5451643291351518,241951039.94066253,7828976.508388248
2022-06-25,0.644234870506207,286044628.1494679,18266118.30130605
2022-06-26,0.6440210357436582,288561495.80805063,20196486.70199996
2022-06-27,0.6188521896637591,277899451.43348235,9253455.14730338
2022-06-28,0.5756144319620027,259818170.1814108,6971485.766024002
2022-06-29,0.5216398993418203,236495267.64668152,7664432.580671255
2022-06-30,0.4998929632050585,228379904.93063316,5934486.164476521
2022-07-01,0.4467626305192214,201848447.4432473,9291325.857975855
2022-07-02,0.4578957216162718,210251480.66298065,6243263.544228131
2022-07-03,0.4653099475012869,214584877.2026624,15561173.10879597
2022-07-04,0.5012043567184353,232787544.26598743,16187416.610178525
2022-07-05,0.5438402290252241,253616718.659764,13549316.656949388
2022-07-06,0.5677353004265374,265866571.7917219,37685455.8828217
2022-07-07,0.6183993944772256,290713798.1217152,12750957.541154489
2022-07-08,0.668350254358945,317610881.10013306,17389770.119539663
2022-07-09,0.7449391070413826,354369162.608188,43290488.51737279
2022-07-10,0.6817001914843445,326867078.5011888,11082813.322964262
2022-07-11,0.6402536531414544,308316533.68742657,8261247.937638405
2022-07-12,0.6242055639593588,301580545.04250574,6127443.846687091
2022-07-13,0.6382316370642089,310316374.59587,7636663.414783449
2022-07-14,0.939504110383313,458671834.4058616,135371740.04169095
2022-07-15,0.904642774145361,441400762.1188679,37588452.71340604
2022-07-16,1.1653121559299269,572764077.4060724,130967868.7863352
2022-07-17,1.3765307375692155,683346535.8687698,71704813.03961739
2022-07-18,1.6033552621066989,785853937.4857343,194528455.28029084
2022-07-19,1.506896828218668,754916033.7274361,89204661.34363504
2022-07-20,1.5028940860514055,750134883.9288088,53755685.85250482
2022-07-21,1.5755870237780505,796684874.9607136,108030175.63955528
2022-07-22,1.6097888481292038,815536833.1417149,60671786.77962472
2022-07-23,1.5214593786385722,768959102.3261393,55262350.154273145
2022-07-24,1.5965740409897795,810331733.6033832,59066947.27087483
2022-07-25,1.663252271707581,851670224.7942077,66589380.39577036
2022-07-26,1.474922154856924,756823688.8977222,44445651.57946774
2022-07-27,1.4368328067991742,728973792.5052445,37695896.99671654
2022-07-28,1.9273555181899655,991431531.95,133332503.32875285
2022-07-29,2.239247004218404,1140593442.33419,227342702.53421995
2022-07-30,2.476557616217854,1304261103.5076215,268408531.272868
2022-07-31,2.353520929499167,1225053585.5460212,146379042.9351628
2022-08-01,2.1689052955437425,1139584783.005405,67292927.29262742
2022-08-02,2.090568786920432,1099505796.3872223,74982044.72585878
2022-08-03,2.323514608470436,1226158616.5110548,169462857.55145392
2022-08-04,2.5945375272305147,1376186027.479142,227954215.46602875
2022-08-05,2.437088727030656,1280084791.224628,153948476.6796699
2022-08-06,2.621346724862004,1401797169.5318284,139446449.97140127
2022-08-07,2.599816578537499,1399523880.4053404,98748416.674973
2022-08-08,2.459222457021878,1329303083.122191,64966303.94837023
2022-08-09,2.379494847671866,1286130943.7694426,67105332.86568666
2022-08-10,2.267304369118368,1236308413.4574194,94745772.87601812
2022-08-11,2.7072469590973225,1475066082.150952,157959657.2688339
2022-08-12,2.643667531001773,1440257203.452926,168785180.58601493
2022-08-13,2.794722085556965,1539788031.430725,102146420.24418864
2022-08-14,2.9269649676786997,1618722455.384944,149215993.46751106
2022-08-15,2.666753999070254,1479799686.138163,93809131.909015
2022-08-16,2.73952310849668,1524162286.9723668,102036265.63878185
2022-08-17,2.577537483164733,1441299633.258909,69193011.03961512
2022-08-18,2.47461621164148,1392006885.8154294,81931919.90758327
2022-08-19,2.243291918278986,1266764268.187012,54128381.407993264
2022-08-20,1.857575909790809,1074277543.496588,121044869.0725447
2022-08-21,1.8633480990621067,1074059063.1601918,84038359.69721302
2022-08-22,2.183195154519128,1270673574.6884558,181246823.11306015
2022-08-23,2.189495185287498,1254828734.2508893,138180096.63928166
2022-08-24,2.146205202032055,1253679203.6133766,175745200.90291828
2022-08-25,2.170919237705548,1270584461.8307102,129569866.1182328
2022-08-26,2.003043170656791,1159077426.1171849,136667805.4388389
2022-08-27,1.7405340519085275,1009128212.8974236,107377707.6407552
2022-08-28,1.62872593268698,949025322.9386016,88316160.41031066
2022-08-29,1.6077930591117002,943618753.2078022,53116482.16315221
2022-08-30,1.887431226979304,1113274323.9351995,114904046.1127106
2022-08-31,1.783983528279889,1054972972.403182,112093441.1990577
2022-09-01,1.9719232975997445,1166442540.0865667,151452340.63383043
2022-09-02,2.092700390248594,1240234704.2863672,106542273.59669228
2022-09-03,2.1842436015502398,1303628923.948455,146608928.35401273
2022-09-04,2.0008508300911894,1198819199.0151026,62004928.76173719
2022-09-05,2.061792719683803,1244169327.1497636,42314531.49083495
2022-09-06,2.034836378136827,1231639400.5407467,70872664.39881724
2022-09-07,1.8610834128615348,1139263015.5380833,176646421.92964932
2022-09-08,1.9561976596607995,1190468393.9006038,114733567.30521528
2022-09-09,1.877161932062052,1146766818.5489995,69384291.99206148
2022-09-10,2.056401675731364,1261480194.3493636,100263343.6957289
2022-09-11,2.1130163922057443,1302231661.1943223,69328986.91095495
2022-09-12,2.083970833218733,1285295836.5639932,81658124.39465503
2022-09-13,1.983707697822052,1228890267.5106783,87464746.40843664
2022-09-14,1.8275786451032665,1133037167.941018,107701159.9379899
2022-09-15,1.8228734888158549,1131143748.6460626,98789569.61333694
2022-09-16,1.698837077719753,1062611420.1562512,237214895.4299454
2022-09-17,1.7708072255897311,1108375807.5567918,100024636.45585848
2022-09-18,1.902760131029383,1197014953.4946454,75012827.24371502
2022-09-19,1.685704016374143,1069223543.1607596,64278119.8914066
2022-09-20,1.826041232222009,1150914022.2666764,83617579.98143208
2022-09-21,1.7910242909586307,1135697975.1187575,68843923.63552046
2022-09-22,1.819610940460691,1160722582.6281714,109804176.51804568
2022-09-23,1.806790974823989,1152492772.7260315,75943763.55231006
2022-09-24,1.7612654552659897,1132150736.4190936,63151127.57074992
2022-09-25,1.6838761688960076,1080886996.6628132,27271468.64083552
2022-09-26,1.5742421392941877,1015411278.5428911,32105779.497833453
2022-09-27,1.6294004835035196,1052401757.5723842,43069452.90868342
2022-09-28,1.6015576709005368,1038743095.941845,36056818.01705411
2022-09-29,1.622384751842976,1056083039.8225068,24736251.812098596
2022-09-30,1.592937561474034,1039612926.4109836,20704161.064964227
2022-10-01,1.5796545724496769,1034389539.4022332,18714248.41855195
2022-10-02,1.5075991247395286,989403691.1106396,12414074.512080671
2022-10-03,1.4443586780382376,953313706.8173192,12068814.519113896
2022-10-04,1.535239136205616,1016339186.9639072,21342621.624647845
2022-10-05,1.577561239088959,1045059418.829704,29285470.74607025
2022-10-06,1.5285155053811623,1015379008.799358,24136525.237765253
2022-10-07,1.4984097752424488,1001795318.6057744,22399104.77069907
2022-10-08,1.4766966110763808,992270413.6157076,15916569.414095106
2022-10-09,1.474429376211241,993086781.0647566,8199585.402516363
2022-10-10,1.4562985244637456,981772291.764238,7180744.970247436
2022-10-11,1.3133692015296978,892088837.0663731,18117896.666311312
2022-10-12,1.318965524939367,896115598.9264148,14175467.197114456
2022-10-13,1.267342459819586,863434364.454745,12130465.911777934
2022-10-14,1.2614887135393182,862585171.7500015,26428181.730756328
2022-10-15,1.2912746394497656,886141557.676872,32157380.35026203
2022-10-16,1.34732510659271,928406524.91742,15804930.550625116
2022-10-17,1.345983208270846,929466190.2047352,10922358.27236509
2022-10-18,1.5366382376618914,1065167492.7957816,36811913.59231752
2022-10-19,1.4679553773181933,1021759861.3338444,30124017.02672673
2022-10-20,1.3932197044072754,968329649.9526356,26649111.95298612
2022-10-21,1.5004396906467046,1047744263.8552212,26903691.63141455
2022-10-22,1.528567254045362,1070527980.1226518,25294632.32110964
2022-10-23,1.5117805503520958,1062367073.7649904,11742573.477163477
2022-10-24,1.5400235399479982,1083909193.891106,16010252.510981806
2022-10-25,1.5081234810010662,1064947871.6632484,23369704.24250606
2022-10-26,1.6461073775556905,1168476118.2638228,32091395.5169634
2022-10-27,1.709022335017209,1215603182.5688915,43500686.09248291
2022-10-28,1.630158546358365,1163888542.84665,26049157.900499437
2022-10-29,1.6810113413227012,1205484467.1035936,32776572.18286341
2022-10-30,1.633249356060406,1170406633.6111674,27781233.50831165
2022-10-31,1.555503390581038,1118010039.9041705,20935761.645298563
2022-11-01,1.5301718561468445,1102147864.6212616,20084843.926600367
2022-11-02,1.4903098384588265,1079399945.2967165,12937697.03848438
2022-11-03,1.5162976492344449,1099326685.9084308,20737922.70235732
2022-11-04,1.6168458698176886,1174474909.5451686,22603815.38663261
2022-11-05,1.7496399857737064,1283861597.130166,47572355.90743184
2022-11-06,1.6995725368926884,1248412782.9795036,33781244.32822384
2022-11-07,1.585859946048236,1171641880.052223,17902604.009057365
2022-11-08,1.676337322990585,1234578625.115885,33551417.110673483
2022-11-09,1.2873366308729814,960114588.587166,84947295.12575321
2022-11-10,0.9043389183686934,663680697.8118647,55631280.45377304
2022-11-11,1.199573334228463,893220521.3736246,57973032.33787558
2022-11-12,1.1825130694198085,878321923.8769338,44118226.922199816
2022-11-13,1.0886241759522417,814273395.0981141,22684729.147589337
2022-11-14,1.0613405485193368,800178541.6362752,18397821.42723961
2022-11-15,1.123242052203009,849063811.0625334,24877622.14954872
2022-11-16,1.2028769287260304,909605441.3830576,28858695.27716748
2022-11-17,1.214295205099727,916795126.7028936,35565711.08601964
2022-11-18,1.2412413215005127,941484199.5594016,37520492.307949774
2022-11-19,1.2238474160708603,932804896.6340348,28108778.01443681
2022-11-20,1.1976891483968206,915143661.3965148,15638310.647178529
2022-11-21,1.106841459061161,847533051.8011432,16028656.861778649
2022-11-22,1.110567263383447,854417190.9699956,17126173.007057983
2022-11-23,1.1188714898973675,863860559.1612619,21321330.75767827
2022-11-24,1.1630848013303303,894768549.3325156,15562810.06403236
2022-11-25,1.1389259270434586,879599616.0737301,15829955.349802269
2022-11-26,1.111560953260735,862231595.8039263,13273629.534207212
2022-11-27,1.0800929779748332,841629062.8215219,19467255.656077825
2022-11-28,1.07772516741387,841331358.4512572,12685626.939508049
2022-11-29,1.0814678973372271,845004706.4183055,21947398.00846366
2022-11-30,1.098665074281437,861729358.2975231,19654713.889568675
2022-12-01,1.1401235300143977,898244020.2435818,23586019.376198173
2022-12-02,1.1023987372382855,869012906.0138958,21162539.97703954
2022-12-03,1.1245096831387411,888203020.7162855,22939082.091208067
2022-12-04,1.0930605195977623,870396468.622393,13813135.11040637
2022-12-05,1.1095974958069112,882260108.3327794,19234930.603098825
2022-12-06,1.0785144621169478,861155386.435826,19151200.19972867
2022-12-07,1.0613366963633222,849745328.3582394,13134621.35194844
2022-12-08,1.0086289605204053,810508559.4868207,15381805.562621916
2022-12-09,1.0469059682786026,843022417.0389795,8140848.221939987
2022-12-10,1.0448305140517815,843134566.9305763,11416367.672267657
2022-12-11,1.0238708057268928,826299015.2328146,5128430.517211222
2022-12-12,1.0296857895476306,833478044.2642318,5270417.234385643
2022-12-13,1.0612968537079883,861142900.6953819,9796083.95474197
2022-12-14,1.1199524419672129,911977711.8795886,22773975.792385567
2022-12-15,1.1351487645150409,928818514.8582426,18988490.30788062
2022-12-16,1.1306333875427972,926950019.9725935,16748657.224814316
2022-12-17,1.0104457855622833,825840554.4960587,28571317.14366412
2022-12-18,0.9970296358503252,821001766.3685224,15103547.008488664
2022-12-19,0.9827111932099084,812285021.7141385,5620227.101980219
2022-12-20,0.9498873147536774,783114611.1628234,7366716.799542667
2022-12-21,0.9889571086462788,814596716.2051544,9547643.30290331
2022-12-22,0.9365756810162033,770665741.9151642,11847973.562994724
2022-12-23,0.896924668653296,738899670.6997949,15121508.192824762
2022-12-24,0.9383252540818524,773846577.1480356,17180122.599604644
2022-12-25,0.9481507274849904,782789699.4135796,15545558.335373417
2022-12-26,0.9704219293894972,800595545.828098,18435941.319724686
2022-12-27,1.037273032833216,857075257.4648266,27993183.861555807
2022-12-28,1.0110599878895794,833750893.118494,34355866.053328216
2022-12-29,0.9492003760618308,783819615.3242923,28338877.44523096
2022-12-30,0.962923912016715,796375445.0076892,17064079.19336348
2022-12-31,0.9649276840928416,796878099.4688278,10593084.902853154
2023-01-01,0.9518114926861772,788010757.2327644,8415353.20558482
2023-01-02,1.077924806653256,890895879.531696,69859730.53160964
2023-01-03,1.211533653656615,1007538000.489969,90122063.91931345
2023-01-04,1.201549598627528,995022105.5315475,59637619.628537335
2023-01-05,1.373185479374641,1138098814.6719625,103732163.53099796
2023-01-06,1.34435985540535,1118011239.888092,72600696.56799558
2023-01-07,1.5292966282895846,1270396748.4492977,111419282.23232006
2023-01-08,1.4822507593612866,1231564186.623218,44091397.099846125
2023-01-09,1.9742018265340384,1643708838.298581,240697391.4070858
2023-01-10,1.942142304914953,1599850544.3895764,164397809.05762583
2023-01-11,1.91774917741592,1590948590.3048933,154109615.3565767
2023-01-12,1.889106233578024,1558796886.8526976,86820480.49469504
2023-01-13,2.066561227959009,1725083138.6596055,183887603.6523596
2023-01-14,2.1030207956541886,1751642627.9470236,166758867.1423974
2023-01-15,2.1621140691526857,1800200196.6755006,205585917.5098796
2023-01-16,2.2099446496960637,1841705255.7064908,194833101.1344073
2023-01-17,2.122916040824836,1769599012.429834,120552353.5412918
2023-01-18,2.011567770754516,1677773708.9747732,95553324.19702064
2023-01-19,1.979127541767064,1649331661.5700371,168558326.13953862
2023-01-20,1.9764127236217488,1648999398.0951502,80273599.3577813
2023-01-21,2.346582306131445,1955292352.5053327,137520798.79555693
2023-01-22,2.3724786632706487,2001499219.7684264,189830486.5207829
2023-01-23,2.2177774246805213,1852088328.134292,177966217.81108576
2023-01-24,2.5404415940260883,2118804720.039608,213536335.2071973
2023-01-25,2.347139224891089,1954396959.3254185,208861549.1190159
2023-01-26,2.5239104611800816,2104966609.2975469,238917534.64945728
2023-01-27,2.3221475786012027,1943011966.148463,127602963.87333854
2023-01-28,2.393700059160611,2013221362.7699373,129433673.3045558
2023-01-29,2.2301003190303987,1866373325.5014431,89791037.55232355
2023-01-30,2.314890404534242,1941345483.6733568,96965135.48087452
2023-01-31,2.068083697407236,1728788684.1740618,134572323.83973867
2023-02-01,2.2033974741200275,1844285068.6657948,96954621.03481472
2023-02-02,2.2912705459352702,1917187346.330971,151129663.3081155
2023-02-03,2.2790337369665066,1916223022.871253,181624113.13399512
2023-02-04,2.36528883883249,1988013780.711976,166310346.8676032
2023-02-05,2.206979081920837,1855333748.0477967,107150837.93705297
2023-02-06,2.0484527352555757,1724071943.4025674,124109945.1378858
2023-02-07,2.200107172463176,1844075077.23377,193224495.22501668
2023-02-08,2.5916214520052328,2182246412.1803565,364618941.0498346
2023-02-09,2.540966149565191,2109804952.194081,256666755.22659495
2023-02-10,2.649645937402932,2227296843.408879,859070833.9107072
2023-02-11,2.299133841251105,1938188248.057156,465122554.52351695
2023-02-12,2.383190813969659,2010903350.2448533,170427353.13906226
2023-02-13,2.503677927543749,2110322610.2732143,249869693.5518372
2023-02-14,2.378437910987731,2005725089.9075396,228170404.78978816
2023-02-15,2.5714288752777703,2168260019.6959863,232328824.39793384
2023-02-16,2.8360266312795326,2386935006.394687,261620486.1751144
2023-02-17,2.6230186510460207,2222580054.4994235,311528125.78647846
2023-02-18,3.019434678129693,2546926715.1461043,333933711.983967
2023-02-19,3.261308700751808,2754493268.1861687,258030344.81585103
2023-02-20,2.93536005772576,2487506228.8998485,202605162.76620767
2023-02-21,2.9240085672801825,2470790651.396769,166964734.24764216
2023-02-22,2.7832681530593666,2347904547.0631456,199415402.9288313
2023-02-23,2.906574278711019,2459494800.3221025,238710418.0777306
2023-02-24,2.96491653556417,2498855894.2543926,276228089.6617853
2023-02-25,2.8781494013526445,2429970476.8951426,233728745.116162
2023-02-26,2.9211533277166724,2465611328.8983536,187476627.64643735
2023-02-27,3.1063093179157724,2626493381.21449,176860970.67132804
2023-02-28,3.2737861518166294,2778890409.9277925,255446321.1400848
2023-03-01,2.999535777802029,2538813749.636945,190808570.6111271
2023-03-02,3.014611141844372,2550521763.4352474,142056014.0671089
2023-03-03,3.0168635097405496,2562079083.2154164,170966456.9852102
2023-03-04,2.7987644811436105,2369255598.944908,280903451.811146
2023-03-05,2.547606722268879,2162861350.074656,165941770.60177195
2023-03-06,2.6258813150902163,2226596777.0853705,159397197.95957565
2023-03-07,2.588274961613385,2197456302.7420683,171344654.33447298
2023-03-08,2.546528454011606,2159418023.6889243,140780206.30437854
2023-03-09,2.359215886794197,2015010658.0900395,150181809.1740125
2023-03-10,2.2563604424700494,1912563000.7065988,161259064.22508973
2023-03-11,2.3185227323194733,1976741720.187548,212105537.19489384
2023-03-12,2.134018513199505,1814936426.119372,161807200.180916
2023-03-13,2.443805426553271,2077814314.731161,149239020.80241352
2023-03-14,2.66636273520639,2278137905.539572,266017903.7697624
2023-03-15,2.773488338153666,2369299963.939978,229317287.93126008
2023-03-16,2.3018743180505585,1972924891.742016,262186089.31018305
2023-03-17,2.4169121073683058,2066403769.8583825,187062777.4968636
2023-03-18,2.5672106563667167,2193072092.7803893,156957332.2750117
2023-03-19,2.4868450301166343,2125547848.0460277,176619908.8177491
2023-03-20,2.489483854371388,2159747613.533702,97151882.72454467
2023-03-21,2.304642670303213,1974101745.3802936,98193610.23596178
2023-03-22,2.416994987686934,2069188232.7328608,108768053.14151873
2023-03-23,2.386062895384165,2038346481.7920408,155283410.1670373
2023-03-24,2.332620941900904,2000013578.8984332,101235479.75382423
2023-03-25,2.135406253287324,1847236073.0835092,113433820.38244796
2023-03-26,2.053825743144779,1759704867.751003,65885097.18911782
2023-03-27,2.1577328471091928,1863739464.506594,89359084.08640724
2023-03-28,2.1047898881891416,1808983056.0363925,112787265.7110083
2023-03-29,2.330898329737556,2004869605.049416,131248683.1533411
2023-03-30,2.391099230602173,2060960278.7197104,128838380.24174276
2023-03-31,2.306281171741784,1982650448.9325545,118249257.45723677
2023-04-01,2.45252037717026,2118961661.883554,117207647.01403892
2023-04-02,2.4070310593819806,2075595298.48191,68835528.60761368
2023-04-03,2.337175962549362,2017943930.9247904,62864326.38265179
2023-04-04,2.3993135566482366,2077048529.8594563,107347373.46863107
2023-04-05,2.5859504832918714,2226232121.0073705,116026322.83739524
2023-04-06,2.592207543866552,2246745517.662554,148734820.442737
2023-04-07,2.5923767335805112,2242308793.8659406,96458715.36586662
2023-04-08,2.4938858475424386,2162332526.3930407,69831096.03103404
2023-04-09,2.3865476278586373,2071840307.309249,53174843.795654535
2023-04-10,2.3462286711056137,2036522328.597401,59608250.1973381
2023-04-11,2.4645619712509035,2140179864.56111,69193199.68353662
2023-04-12,2.3308398459695883,2025021906.424272,68995553.97519378
2023-04-13,2.340114997349698,2031108976.6293056,116247421.06178156
2023-04-14,2.446620910893284,2130965417.902588,92559656.32124633
2023-04-15,2.62866857079256,2283115689.003162,130494624.40414144
2023-04-16,2.507384453519308,2184681628.092524,58428106.69757445
2023-04-17,2.5732879696326374,2242075058.076304,66838014.47691596
2023-04-18,2.492399104375111,2168277411.8832374,60560125.94625869
2023-04-19,2.525713898277395,2202446894.53349,61619316.63729196
2023-04-20,2.2546878062781226,1965224009.6563048,84592087.06538858
2023-04-21,2.1401514623737063,1865839768.667775,58395550.77046481
2023-04-22,2.0462805617442044,1785483382.5672064,60927662.754705645
2023-04-23,2.102030929897525,1838073632.5246496,27914565.06586817
2023-04-24,2.0789369679259786,1807279454.032936,33395313.316113923
2023-04-25,2.085356136843645,1822627325.9227383,45856504.12662619
2023-04-26,2.1503828124077646,1876561850.9111817,38483792.15583108
2023-04-27,2.0591679323117327,1799507644.806075,61936286.893636204
2023-04-28,2.144165227549601,1872429051.607126,41375061.78590268
2023-04-29,2.0876623016825246,1827323488.216385,25207742.10584846
2023-04-30,2.097582429029513,1838657215.956728,19658148.33709241
2023-05-01,2.029867088576402,1786808029.8217146,22700892.237266146
2023-05-02,1.9738493858218928,1730113798.5498395,27887716.379032858
2023-05-03,1.9898587681797573,1745768954.7413428,23249936.09004577
2023-05-04,2.0206513214274127,1773196590.6291966,48582526.62254279
2023-05-05,1.8983979942684768,1665966265.2911644,29233833.730860077
2023-05-06,1.9370241355945408,1701692545.049656,61495684.02838409
2023-05-07,1.8451269738937763,1619030752.5174956,45820353.59015681
2023-05-08,1.8382702033028184,1611242003.147129,32255134.186197333
2023-05-09,1.838579324791689,1598763952.9342637,83949992.23424658
2023-05-10,1.8480890923941724,1622747520.6497009,100838833.81604975
2023-05-11,1.8748269803010131,1646067514.9293015,67660271.80017723
2023-05-12,1.6551246316860615,1454170022.7214727,49455564.16447055
2023-05-13,1.892587173547608,1661315671.4056077,83650726.22894432
2023-05-14,1.88140456028392,1656888117.6558032,35653978.094860874
2023-05-15,1.9268874919870955,1695739278.6268716,35299152.43158635
2023-05-16,2.133922930604661,1875806149.9773133,104976787.40460506
2023-05-17,2.2040679572307487,1939261522.4142516,113676500.09794378
2023-05-18,2.358215572634762,2080650945.4906144,146460783.5610609
2023-05-19,2.142946213323657,1888801255.6731691,83195275.22867687
2023-05-20,2.175153039373707,1914817764.8264697,71287352.80935065
2023-05-21,2.140031625179795,1881095951.8454397,32932534.536643885
2023-05-22,2.066886919091329,1818867535.12206,33418883.979232475
2023-05-23,2.0273832636443405,1783280157.88098,40995243.49520151
2023-05-24,2.0430329353773624,1796681518.464829,38621623.976734936
2023-05-25,2.0611894391640293,1816185867.8305583,65655735.48476134
2023-05-26,2.011000741777947,1768340645.6577091,56920515.23730876
2023-05-27,1.9892870729276888,1750929608.246061,49084471.79419502
2023-05-28,1.9741678929966688,1735102163.2160408,21751932.731973685
2023-05-29,2.103960945484153,1848715353.727146,47533593.807857774
2023-05-30,2.181175946855274,1919693191.089488,77201011.27597718
2023-05-31,2.159563478628075,1899012754.7893767,66468439.56382607
2023-06-01,2.095003947741438,1843093841.745039,59206293.77198551
2023-06-02,2.083057698894316,1834659674.055473,28876973.708460152
2023-06-03,2.299523391161413,2023539751.481861,79929307.6220787
2023-06-04,2.306352604652723,2026929365.921303,31498387.352105223
2023-06-05,2.281580226065409,2005705896.7865849,34150374.24242268
2023-06-06,2.2089864526824146,1941808114.190016,79402709.17851508
2023-06-07,2.406099900350587,2114133016.9894905,102643589.7805386
2023-06-08,2.2776398228490864,2004509554.060541,84051588.63709393
2023-06-09,2.162819365254712,1902175688.705064,53940182.53385413
2023-06-10,2.1555144570835907,1894111476.9949987,53869878.84794752
2023-06-11,1.8190757181165675,1600543184.7829463,113145909.70507902
2023-06-12,1.820445830291848,1598101472.6734684,54938495.45456243
2023-06-13,1.7921168555122535,1576700114.9439118,45754712.05465463
2023-06-14,1.771756783854852,1558842782.7944465,36910169.06268568
2023-06-15,1.6872091495864188,1487163910.4518368,34275552.79562169
2023-06-16,1.6860195374068618,1480766824.964745,36516585.39390628
2023-06-17,1.7516733673016245,1540060434.3786128,25769543.217356805
2023-06-18,1.7876397051385509,1572421799.3057024,25047054.5637396
2023-06-19,1.7093268914439297,1506068656.59657,18444219.71827501
2023-06-20,1.7700629121625606,1557933021.870896,21431478.819322743
2023-06-21,1.8571222818464204,1631568550.0124493,35417487.89033771
2023-06-22,1.954184940084068,1718112950.9850552,50248369.51059397
2023-06-23,1.892325490701228,1667925868.5048685,48126929.24377478
2023-06-24,1.9270491410895103,1693879277.20205,27835193.63468793
2023-06-25,1.8279447147919128,1607529951.690154,24146170.66371468
2023-06-26,1.937130810787976,1704453966.7443953,33886381.07122785
2023-06-27,1.9265102688991247,1691266736.2664964,31201026.26846125
2023-06-28,1.955128637353421,1719687328.6517382,28021606.997003075
2023-06-29,1.8550337625972115,1632932908.3605826,29139859.400753956
2023-06-30,1.8788634126937087,1654945069.860384,21555899.658622343
2023-07-01,2.0512706471304347,1804832493.0241184,67889067.55092393
2023-07-02,2.1342766757247773,1877243488.343468,37461439.27322727
2023-07-03,2.123514605503162,1868593105.7307956,40500291.22959037
2023-07-04,2.2145479679052307,1938983911.328457,44462914.73621351
2023-07-05,2.1607045390751813,1906026470.050944,33663596.90184361
2023-07-06,2.0640544229728737,1817653598.117071,35626000.531290404
2023-07-07,1.9285233894287763,1699214200.771547,45363398.02230771
2023-07-08,1.9301274163929756,1698320936.4487858,27770820.782879364
2023-07-09,1.952828551230434,1718812576.873803,20691880.010838557
2023-07-10,1.9225177435437732,1691433821.3971958,11068349.699936315
2023-07-11,1.958842084774816,1722786394.3779569,28639441.545356497
2023-07-12,1.914938186253316,1685880437.3002174,18125980.705363475
2023-07-13,1.8855864824694155,1658576053.8992238,15824302.288802618
2023-07-14,2.275348088617674,1997612578.811239,92178220.39828108
2023-07-15,2.3424372542205725,2057404009.395871,158533924.13349092
2023-07-16,2.3136994931840005,2033632833.556933,66544178.21851864
2023-07-17,2.177593247421506,1910154158.568026,51127872.6418426
2023-07-18,2.063012500636082,1812822744.3882775,58066649.60219677
2023-07-19,2.025925724012698,1778825297.4634624,42837890.82625627
2023-07-20,2.085121642784008,1831397088.8120036,40260047.94669884
2023-07-21,2.0532544171078086,1806203417.863752,49408898.42026986
2023-07-22,2.020975628576616,1777027224.2986236,31436241.92923992
2023-07-23,1.9898316348252625,1745220010.744526,30046371.829568896
2023-07-24,2.0487199619711243,1801027290.1867957,33489926.18178949
2023-07-25,1.9782247969220048,1736164142.4558263,47934523.271171786
2023-07-26,1.9574150393808665,1718725816.0262997,66371140.74733935
2023-07-27,1.9278903171859405,1694247081.6303134,53098837.22015237
2023-07-28,1.9125984412485428,1680377109.9550772,33112547.16883057
2023-07-29,1.9325626181369029,1698351072.5148818,31672321.799163166
2023-07-30,1.9491523437472156,1712643593.498887,20506911.895904478
2023-07-31,1.8904565891185965,1660148247.5163982,35379717.7838179
2023-08-01,1.8489258200480891,1625127718.4945252,41853895.73222345
2023-08-02,1.938316506151212,1701346315.9186594,64955862.57178368
2023-08-03,1.8486636685588755,1625085827.6434588,53884815.506809
2023-08-04,1.868104170333464,1643595254.6799142,52630428.01857126
2023-08-05,1.83732292953738,1613834441.3350422,47350692.18632232
2023-08-06,1.8496706238032297,1624194254.432825,48116331.16759976
2023-08-07,1.826684904999382,1604947280.9362574,51225172.701424606
2023-08-08,1.842787819423466,1618418655.534725,67393661.93083933
2023-08-09,1.8576770581495716,1632396899.185987,48058121.894523725
2023-08-10,1.886445390752194,1657093960.115057,51141082.81987318
2023-08-11,1.8566511342388348,1632441842.6199238,70333277.16680172
2023-08-12,1.8552800264974227,1629305083.2387965,47503205.46867922
2023-08-13,1.841979807120077,1619802235.0935714,60415762.90199103
2023-08-14,1.8167333878419636,1596774843.5355644,62667323.20173578
2023-08-15,1.842954770352588,1619909180.6598203,54660327.81005725
2023-08-16,1.727347467044856,1519327333.4835649,50949503.42244569
2023-08-17,1.694531341558955,1487287328.314313,38559410.34059712
2023-08-18,1.6268600939616928,1435660154.853227,82191172.85436068
2023-08-19,1.634169220024294,1434727686.6083975,76262632.41904266
2023-08-20,1.6505970492002064,1450986053.44339,55693515.719237424
2023-08-21,1.670352249141925,1467601796.1992807,29075482.62824128
2023-08-22,1.6221576465123475,1428100718.0920942,41298123.66781687
2023-08-23,1.6299651515275295,1430462359.122412,70778505.63888271
2023-08-24,1.690111446547881,1486705840.4065711,59466512.14004231
2023-08-25,1.6326445354226284,1431346908.5320373,33541257.153674822
2023-08-26,1.557572802534772,1380801927.1505497,45175388.63591142
2023-08-27,1.599858583352309,1419508984.1567662,29354038.810241837
2023-08-28,1.6061573710271522,1408597189.2777507,44249491.05663858
2023-08-29,1.578275349750995,1398605258.9435372,28483429.370274853
2023-08-30,1.6698628194633076,1480625266.997208,42074987.93641554
2023-08-31,1.6392577875843708,1456752996.0974092,32409795.645807546
2023-09-01,1.5626086617768016,1385154408.0285964,33615567.43555414
2023-09-02,1.53105070442365,1370649227.9809844,30106878.82460345
2023-09-03,1.537864986823297,1355075981.657454,35801950.98700081
2023-09-04,1.5276910016371803,1358412775.2941113,34578144.051091574
2023-09-05,1.54919692813154,1374787878.1405056,23141121.377560467
2023-09-06,1.5675050398267425,1390846222.7687871,22381637.25856347
2023-09-07,1.5774367374875078,1401537088.7340095,26457442.15288901
2023-09-08,1.6002800675878237,1420388859.1303873,22443527.5387123
2023-09-09,1.5416096922344016,1369491888.131523,24406654.43292884
2023-09-10,1.528517709964336,1358393625.5038133,16888870.778513327
2023-09-11,1.4821790720836407,1317209677.8683033,25322009.773267597
2023-09-12,1.4450655736685205,1281752737.3932903,30357225.166220702
2023-09-13,1.464234672255447,1300589157.7675564,37753817.832794845
2023-09-14,1.4852766461758653,1322885572.301752,28211758.766004477
2023-09-15,1.4988555299415127,1335104563.4747362,25630549.74065424
2023-09-16,1.5302795620096077,1361600165.8382864,29252527.92184181
2023-09-17,1.5349774207294689,1365818357.7170568,27176205.80356251
2023-09-18,1.5131944462647486,1342883386.2343645,20520004.105649672
2023-09-19,1.5449265353031716,1375361950.7208517,37354273.81899898
2023-09-20,1.574143367547285,1400251348.558148,41329398.24486571
2023-09-21,1.563617250109827,1395801085.6393466,32441080.327603355
2023-09-22,1.4812446570862423,1319207031.976853,37998487.41612376
2023-09-23,1.491500536786195,1328826778.4572337,13515167.168607118
2023-09-24,1.497127431821733,1330343738.670716,10153260.812663846
2023-09-25,1.4624343709981429,1302112662.7178545,12225978.7687482
2023-09-26,1.4712399732907566,1309056374.1304643,20174637.547037568
2023-09-27,1.4611261748910829,1301674426.406067,21390424.017583083
2023-09-28,1.468655802700481,1306480843.0789545,28677444.438575476
2023-09-29,1.5968965323985485,1422101726.7785268,57833970.14457289
2023-09-30,1.6367324180502232,1459395423.7000537,27589115.43701698
2023-10-01,1.6964674683069825,1512966808.227384,25946150.743727516
2023-10-02,1.6890997381229853,1502799344.808607,33651840.48090192
2023-10-03,1.5658732278449403,1394640658.519373,65186181.37996741
2023-10-04,1.5710121497974356,1398193583.7036014,48816444.169960685
2023-10-05,1.5867309320669445,1413907380.9873364,30670752.861287825
2023-10-06,1.5325014379445712,1362650952.6952133,26450960.497127976
2023-10-07,1.559415550871281,1389305698.4891045,23549782.075460654
2023-10-08,1.5681267570040434,1395196624.0296974,16303207.058769517
2023-10-09,1.5945306377228667,1418772529.6030316,21841577.315272387
2023-10-10,1.524474420069713,1357896433.5711746,31679058.219026394
2023-10-11,1.539026310799673,1371517626.429752,19912538.31823268
2023-10-12,1.5228418188262416,1356170609.3942535,23350903.666444104
2023-10-13,1.502859636320437,1338946183.8434844,23834402.6415232
2023-10-14,1.5588920059018254,1387635538.292513,21370340.86795315
2023-10-15,1.596499032203781,1423810935.1543846,17800044.092933223
2023-10-16,1.6027969972728382,1429312381.027528,14999350.06195191
2023-10-17,1.6020158734744625,1425038219.5568032,32704922.93343888
2023-10-18,1.544191296052973,1376349608.1343913,35191451.16898923
2023-10-19,1.4914927520171513,1326808222.846563,36651123.46137092
2023-10-20,1.471993929227506,1309794549.549318,38909719.32835972
2023-10-21,1.5323007316271962,1365329195.738618,28326780.407229517
2023-10-22,1.638277522210534,1458270404.2745044,34209293.70299815
2023-10-23,1.715282801135339,1497904468.221985,37991112.11283009
2023-10-24,1.7922082248517497,1595327944.6105804,63815220.3239459
2023-10-25,1.8472727327489584,1645686585.145347,90448048.51847862
2023-10-26,1.8662560084255928,1661659388.6825254,55908001.64318791
2023-10-27,1.8500266954487168,1650946945.6226954,58115921.74387621
2023-10-28,1.8190124230410725,1620458759.0998917,45837208.39501732
2023-10-29,1.785920671362612,1589954551.7334714,24319221.338650748
2023-10-30,1.8253228987987955,1623486742.3010633,21858641.95194993
2023-10-31,1.8388890791197456,1635670851.2231438,43216793.25536366
2023-11-01,1.828826023375524,1622905412.478917,73347849.54751964
2023-11-02,1.876172974000716,1672014193.1594377,77683071.65451768
2023-11-03,1.7553385153496952,1565296480.8338308,73524779.34513582
2023-11-04,1.9113927759851803,1696115193.8763893,58619996.83804922
2023-11-05,2.0259851787689955,1804308122.595782,61480584.29689135
2023-11-06,2.0293511979213954,1804726779.0525289,48273241.54758287
2023-11-07,2.028782915406948,1805557261.6577845,59719315.41027656
2023-11-08,1.967480451494797,1749004348.2300143,82154873.04252358
2023-11-09,1.9547553758593847,1738876337.669413,77066121.0363667
2023-11-10,2.335039144448145,2077849107.6148665,308669959.6585714
2023-11-11,2.2984807776196705,2050135027.0659688,189839339.55552796
2023-11-12,2.237121180126457,1987484597.5488064,125582154.20618457
2023-11-13,2.2703159221569127,2014350688.505412,110551646.49425584
2023-11-14,2.241640817232465,2010456397.4143453,183879513.41171107
2023-11-15,2.3650573660675245,2106426675.5157127,174576992.72768456
2023-11-16,2.4475769171103603,2174614779.398342,165383428.2986214
2023-11-17,2.2638209115724446,2013501659.0450103,180279603.35625565
2023-11-18,2.19325063064657,1955943805.568565,144629837.60695398
2023-11-19,2.2423500111985897,1996455397.7506657,106514245.60253742
2023-11-20,2.3662479590795225,2110352493.0774,70728167.25830624
2023-11-21,2.4184002900610486,2151536887.451501,135437147.76878518
2023-11-22,2.22061998748927,1980663671.151052,98585888.80188245
2023-11-23,2.602370854011281,2317894282.100997,105782983.2257014
2023-11-24,2.479545124204866,2209015391.928365,65793968.768004216
2023-11-25,2.4993878415068287,2223617456.2448936,88656988.08951749
2023-11-26,2.502311482297051,2228953593.449769,49153731.360388055
2023-11-27,2.5073934911289286,2230291968.1627803,70458957.11265132
2023-11-28,2.3673727126058184,2103637835.407184,64281349.50185783
2023-11-29,2.336137559168004,2077015935.3017015,56714816.82668816
2023-11-30,2.256146624493832,2010709968.3647597,66157983.75349984
2023-12-01,2.352670494091917,2094926304.344591,48696375.05858919
2023-12-02,2.3851059001860526,2120268514.728757,56756175.08576103
2023-12-03,2.4311752204799943,2162889428.435096,56028404.96106295
2023-12-04,2.431924643695284,2167943327.247121,53005986.42188223
2023-12-05,2.3785908740996726,2115956791.2930896,80534529.41634983
2023-12-06,2.40036011027812,2139295962.284433,72097342.2528332
2023-12-07,2.263524985754608,2015876975.6491053,73470783.42465977
2023-12-08,2.5081913903720348,2232002004.275919,125523666.10130872
2023-12-09,2.447552562356649,2174509757.91724,64747424.568234585
2023-12-10,2.3405356704038893,2079685420.0144744,72376618.97780529
2023-12-11,2.385669345496984,2120925645.5716736,45420790.70415969
2023-12-12,2.255810125962687,2007550537.5431373,90032894.54530522
2023-12-13,2.225935619444187,1982468552.441912,69064784.56425048
2023-12-14,2.303927553041728,2051129613.4415207,63162582.17046375
2023-12-15,2.349174730633077,2087646786.4595385,76977841.97704487
2023-12-16,2.13254375946808,1899281210.0783927,60566966.25001871
2023-12-17,2.1616634372385817,1920353120.7206092,44685460.88216617
2023-12-18,2.082426104522477,1852045644.728881,47013020.44695879
2023-12-19,2.1266226653032936,1893044369.1375208,55342026.184288494
2023-12-20,2.044465121868161,1816047939.0475647,40619154.77506171
2023-12-21,2.100627767664299,1868857074.251852,48077613.80210661
2023-12-22,2.153277610690972,1916055436.657653,83565999.72662748
2023-12-23,2.449159118226772,2176142489.3787694,174571988.37184533
2023-12-24,2.363359997492882,2104180856.6262047,79304369.67687981
2023-12-25,2.428220178336868,2159815207.588402,94345699.84048945
2023-12-26,2.5536958956941973,2273926020.811058,164791386.83734605
2023-12-27,2.414790366887832,2149742800.8027062,104584277.7625233
2023-12-28,2.834848087161193,2523409157.3792605,161672326.7584368
2023-12-29,2.707795833313277,2417342755.4481783,172052105.5729264
2023-12-30,2.891217208037001,2567555923.235003,122143195.08468476
2023-12-31,2.737411286360972,2438736241.883404,112319111.98340791
2024-01-01,2.6390658468687893,2349062933.788361,53733282.11057804
2024-01-02,2.9222713338468678,2599793504.2693243,66326405.509365566
2024-01-03,2.868838146567905,2544125833.13842,121011410.25342482
2024-01-04,3.056283928519876,2721659569.0606203,364825564.28395015
2024-01-05,3.129505633377708,2784441599.548877,202863723.53194413
2024-01-06,3.5219353821558883,3147664009.481317,236719919.66815904
2024-01-07,3.0884154533767463,2741893595.1856494,234245456.83079648
2024-01-08,2.9296319017239068,2599289917.705984,154892497.05740058
2024-01-09,3.1309426526346678,2791888443.8208137,178180960.44047636
2024-01-10,3.612814546749612,3202819408.0790563,300039525.1035451
2024-01-11,3.782530359974777,3366915398.121766,401503737.3037779
2024-01-12,3.637974405883353,3246472349.888981,261956690.61799145
2024-01-13,3.474392186481048,3083459919.2201524,187550762.0714968
2024-01-14,3.353097949548212,2984026085.49629,111804343.84221455
2024-01-15,3.254086096313287,2900095203.6272645,106464067.72212248
2024-01-16,3.2568554815619053,2901212390.8414702,103454134.98382066
2024-01-17,3.43390278455153,3060321974.877773,109013695.23833963
2024-01-18,3.1961571450021045,2847990611.638723,113405520.20586535
2024-01-19,3.0234518622994413,2697141362.6055226,112923309.90156908
2024-01-20,2.949974831105398,2628529852.5429816,91179637.68848948
2024-01-21,2.882076306442238,2566473028.71635,57346596.98887526
2024-01-22,2.870531932820268,2563533303.251365,55739686.71976888
2024-01-23,2.703418828543704,2406354035.0858016,122637533.571497
2024-01-24,2.687357171915516,2386227944.094985,97686093.16042948
2024-01-25,2.878688327415917,2563146294.417076,66686155.57792497
2024-01-26,2.984015688515921,2654384715.4958067,77164332.70575956
2024-01-27,3.0750353448047374,2736173374.926818,83415533.17206968
2024-01-28,3.067585002085194,2735794908.6919007,44602912.54372077
2024-01-29,3.151820791150614,2809365361.267392,59766164.48666969
2024-01-30,3.1504439887593767,2806902922.8908806,76877727.41120575
2024-01-31,3.022064884591732,2685906176.732265,93363372.40876582
2024-02-01,2.8266528821833945,2517360496.1465344,62937256.93463886
2024-02-02,2.83149315352203,2520250424.8043795,52946171.0906492
2024-02-03,2.81375455130416,2505340631.781909,47920599.79009067
2024-02-04,2.7606427812089125,2456181955.643047,49580296.90899826
2024-02-05,2.671542157930947,2376591514.167543,34131960.43717853
2024-02-06,2.6821360202737177,2389313260.6582685,58398791.44587225
2024-02-07,2.792226316494771,2489230275.4054093,76250638.56927614
2024-02-08,2.895165168788961,2581855938.7922225,120448765.47141004
2024-02-09,2.871432292027086,2562763064.351133,59351232.38050546
2024-02-10,2.982582077515492,2656960437.30894,66887487.280729055
2024-02-11,2.957141825803957,2635400097.5792613,50960224.33370377
2024-02-12,2.879809977565027,2565244915.6687427,54925000.71672703
2024-02-13,3.11825193228888,2776077842.134598,84616874.79499027
2024-02-14,3.111331127056043,2770948515.827776,91220544.53174834
2024-02-15,3.2865292015109557,2930762304.467032,105914651.57445686
2024-02-16,3.2261726263396984,2875801997.846936,90295764.3971232
2024-02-17,3.2458755162986765,2892563240.2442555,87409831.7028964
2024-02-18,3.123927967288311,2788190018.775927,51072321.92992336
2024-02-19,3.3250507637882327,2961777767.796882,68807192.55575834
2024-02-20,3.393270274591901,3014883918.3115997,103474212.7873343
2024-02-21,3.246425505839895,2896276728.050052,115141484.5766964
2024-02-22,3.070076648403104,2739619845.3334966,93065166.9638184
2024-02-23,2.96232046995438,2639352952.100887,89254098.78593232
2024-02-24,3.089889064853602,2751048053.253428,126987845.79263017
2024-02-25,3.292255789629273,2934624897.344572,100382120.45983352
2024-02-26,3.397364855821268,3028703604.447417,95355664.6295283
2024-02-27,3.627349776419155,3235475955.670924,151820116.51415005
2024-02-28,3.4636683243793924,3088680887.930995,103047623.96299651
2024-02-29,3.431336215204511,3058990895.838725,176046266.33983722
2024-03-01,3.365692056835728,3007736497.6324625,152031450.23854786
2024-03-02,3.356913564179974,2992353016.2076244,103110385.33593364
2024-03-03,3.43983319699326,3064075356.656452,93210095.4539302
2024-03-04,3.323768751056872,2960149129.1213465,108129443.70767094
2024-03-05,3.286075142657072,2927729181.784383,113010594.16036542
2024-03-06,3.13053836176467,2793552707.8233056,227298693.12777796
2024-03-07,3.3966777438717872,3023198792.944004,166822046.7441209
2024-03-08,3.4679317380478376,3097178249.705758,127159841.59008424
2024-03-09,3.420745191056021,3049446223.613657,128624663.5152594
2024-03-10,3.370065886727632,3003560687.722946,84480103.7763978
2024-03-11,3.283707566793932,2927769362.73225,85191291.07067643
2024-03-12,3.3812116705142774,3012867421.584741,121741557.23028935
2024-03-13,3.2985783232015007,2934966925.775436,116432804.80955502
